banner_id,timestamp,name,type,count,guaranteed
400100,2026-06-11T16:00:09+00:00,sacrificers_staff,weapon,1,1
400100,2026-06-11T16:00:09+00:00,alley_hunter,weapon,8256,2022
400100,2026-06-11T16:00:09+00:00,disaster_and_remorse,weapon,2895,499
400100,2026-06-11T16:00:09+00:00,freminet,character,213,1
400100,2026-06-11T16:00:09+00:00,wine_and_song,weapon,8278,2064
400100,2026-06-11T16:00:09+00:00,illuga,character,222,0
400100,2026-06-11T16:00:09+00:00,favonius_sword,weapon,73,1
400100,2026-06-11T16:00:09+00:00,favonius_greatsword,weapon,57,0
400100,2026-06-11T16:00:09+00:00,gorou,character,242,0
400100,2026-06-11T16:00:09+00:00,layla,character,205,0
400100,2026-06-11T16:00:09+00:00,iansan,character,189,0
400100,2026-06-11T16:00:09+00:00,the_flute,weapon,54,0
400100,2026-06-11T16:00:09+00:00,noelle,character,196,0
400100,2026-06-11T16:00:09+00:00,shikanoin_heizou,character,214,0
400100,2026-06-11T16:00:09+00:00,collei,character,213,0
400100,2026-06-11T16:00:09+00:00,eye_of_perception,weapon,65,0
400100,2026-06-11T16:00:09+00:00,wolfs_gravestone,weapon,118,2
400100,2026-06-11T16:00:09+00:00,skyward_blade,weapon,96,2
400100,2026-06-11T16:00:09+00:00,a_thousand_blazing_suns,weapon,2813,494
400100,2026-06-11T16:00:09+00:00,kujou_sara,character,187,0
400100,2026-06-11T16:00:09+00:00,chevreuse,character,181,0
400100,2026-06-11T16:00:09+00:00,sacrificial_fragments,weapon,46,2
400100,2026-06-11T16:00:09+00:00,aquila_favonia,weapon,108,2
400100,2026-06-11T16:00:09+00:00,yun_jin,character,192,0
400100,2026-06-11T16:00:09+00:00,favonius_codex,weapon,42,0
400100,2026-06-11T16:00:09+00:00,diona,character,259,0
400100,2026-06-11T16:00:09+00:00,mika,character,186,0
400100,2026-06-11T16:00:09+00:00,favonius_lance,weapon,8279,2064
400100,2026-06-11T16:00:09+00:00,xingqiu,character,190,0
400100,2026-06-11T16:00:09+00:00,kirara,character,208,0
400100,2026-06-11T16:00:09+00:00,kuki_shinobu,character,219,0
400100,2026-06-11T16:00:09+00:00,skyward_spine,weapon,124,0
400100,2026-06-11T16:00:09+00:00,the_widsith,weapon,55,0
400100,2026-06-11T16:00:09+00:00,chongyun,character,197,0
400100,2026-06-11T16:00:09+00:00,bennett,character,189,0
400100,2026-06-11T16:00:09+00:00,kachina,character,201,0
400100,2026-06-11T16:00:09+00:00,candace,character,214,0
400100,2026-06-11T16:00:09+00:00,sacrificial_greatsword,weapon,48,0
400100,2026-06-11T16:00:09+00:00,rust,weapon,41,0
400100,2026-06-11T16:00:09+00:00,faruzan,character,201,0
400100,2026-06-11T16:00:09+00:00,lions_roar,weapon,42,0
400100,2026-06-11T16:00:09+00:00,yanfei,character,190,0
400100,2026-06-11T16:00:09+00:00,dahlia,character,253,0
400100,2026-06-11T16:00:09+00:00,razor,character,215,0
400100,2026-06-11T16:00:09+00:00,ifa,character,216,0
400100,2026-06-11T16:00:09+00:00,charlotte,character,210,0
400100,2026-06-11T16:00:09+00:00,xiangling,character,226,0
400100,2026-06-11T16:00:09+00:00,sacrificial_bow,weapon,54,0
400100,2026-06-11T16:00:09+00:00,sayu,character,210,0
400100,2026-06-11T16:00:09+00:00,skyward_pride,weapon,103,0
400100,2026-06-11T16:00:09+00:00,dragons_bane,weapon,64,0
400100,2026-06-11T16:00:09+00:00,the_bell,weapon,62,0
400100,2026-06-11T16:00:09+00:00,skyward_atlas,weapon,107,0
400100,2026-06-11T16:00:09+00:00,sacrificial_sword,weapon,47,0
400100,2026-06-11T16:00:09+00:00,thoma,character,227,0
400100,2026-06-11T16:00:09+00:00,yaoyao,character,213,0
400100,2026-06-11T16:00:09+00:00,beidou,character,215,0
400100,2026-06-11T16:00:09+00:00,sethos,character,206,0
400100,2026-06-11T16:00:09+00:00,amos_bow,weapon,110,0
400100,2026-06-11T16:00:09+00:00,favonius_warbow,weapon,56,0
400100,2026-06-11T16:00:09+00:00,lost_prayer_to_the_sacred_winds,weapon,124,0
400100,2026-06-11T16:00:09+00:00,rainslasher,weapon,8207,2042
400100,2026-06-11T16:00:09+00:00,barbara,character,190,0
400100,2026-06-11T16:00:09+00:00,aino,character,204,0
400100,2026-06-11T16:00:09+00:00,lynette,character,211,0
400100,2026-06-11T16:00:09+00:00,kaveh,character,205,0
400100,2026-06-11T16:00:09+00:00,skyward_harp,weapon,125,0
400100,2026-06-11T16:00:09+00:00,the_alley_flash,weapon,8203,2009
400100,2026-06-11T16:00:09+00:00,fischl,character,220,0
400100,2026-06-11T16:00:09+00:00,ororon,character,201,0
400100,2026-06-11T16:00:09+00:00,xinyan,character,213,0
400100,2026-06-11T16:00:09+00:00,rosaria,character,201,0
400100,2026-06-11T16:00:09+00:00,primordial_jade_winged-spear,weapon,111,0
400100,2026-06-11T16:00:09+00:00,ningguang,character,189,0
400100,2026-06-11T16:00:09+00:00,lan_yan,character,226,0
400100,2026-06-11T16:00:09+00:00,dori,character,221,0
400100,2026-06-11T16:00:09+00:00,gaming,character,192,0
400100,2026-06-11T16:00:09+00:00,sucrose,character,204,0
400100,2026-06-11T16:00:09+00:00,the_stringless,weapon,62,0
400100,2026-06-11T16:00:09+00:00,jahoda,character,182,0
500005,2026-06-09T09:49:15+00:00,alley_hunter,weapon,5883,3
500005,2026-06-09T09:49:15+00:00,lynette,character,4,1
500005,2026-06-09T09:49:15+00:00,noelle,character,9975,1
500005,2026-06-09T09:49:15+00:00,jean,character,1986,4
500005,2026-06-09T09:49:15+00:00,wine_and_song,weapon,5920,8
500005,2026-06-09T09:49:15+00:00,lions_roar,weapon,6060,3
500005,2026-06-09T09:49:15+00:00,klee,character,7949,17
500005,2026-06-09T09:49:15+00:00,song_of_broken_pines,weapon,982,2
500005,2026-06-09T09:49:15+00:00,favonius_sword,weapon,5931,2
500005,2026-06-09T09:49:15+00:00,favonius_greatsword,weapon,5830,2
500005,2026-06-09T09:49:15+00:00,portable_power_saw,weapon,3,0
500005,2026-06-09T09:49:15+00:00,razor,character,9945,3
500005,2026-06-09T09:49:15+00:00,the_flute,weapon,6016,6
500005,2026-06-09T09:49:15+00:00,sacrificial_bow,weapon,5780,5
500005,2026-06-09T09:49:15+00:00,dragons_bane,weapon,5976,3
500005,2026-06-09T09:49:15+00:00,amber,character,9871,4
500005,2026-06-09T09:49:15+00:00,sacrificial_greatsword,weapon,5876,4
500005,2026-06-09T09:49:15+00:00,rosaria,character,9777,4
500005,2026-06-09T09:49:15+00:00,eye_of_perception,weapon,5808,6
500005,2026-06-09T09:49:15+00:00,mona,character,2056,4
500005,2026-06-09T09:49:15+00:00,wolfs_gravestone,weapon,464,0
500005,2026-06-09T09:49:15+00:00,chevreuse,character,5,3
500005,2026-06-09T09:49:15+00:00,sacrificial_fragments,weapon,6001,7
500005,2026-06-09T09:49:15+00:00,aquila_favonia,weapon,244,1
500005,2026-06-09T09:49:15+00:00,mitternachts_waltz,weapon,5943,6
500005,2026-06-09T09:49:15+00:00,freminet,character,1,0
500005,2026-06-09T09:49:15+00:00,favonius_codex,weapon,5857,10
500005,2026-06-09T09:49:15+00:00,diona,character,9905,0
500005,2026-06-09T09:49:15+00:00,mika,character,9880,6
500005,2026-06-09T09:49:15+00:00,albedo,character,6948,20
500005,2026-06-09T09:49:15+00:00,eula,character,4860,14
500005,2026-06-09T09:49:15+00:00,favonius_lance,weapon,5838,3
500005,2026-06-09T09:49:15+00:00,skyward_spine,weapon,186,0
500005,2026-06-09T09:49:15+00:00,lisa,character,9932,2
500005,2026-06-09T09:49:15+00:00,the_widsith,weapon,5998,4
500005,2026-06-09T09:49:15+00:00,bennett,character,9867,6
500005,2026-06-09T09:49:15+00:00,sacrificial_sword,weapon,5883,5
500005,2026-06-09T09:49:15+00:00,kaeya,character,9987,1
500005,2026-06-09T09:49:15+00:00,rust,weapon,5928,1
500005,2026-06-09T09:49:15+00:00,dahlia,character,9950,1
500005,2026-06-09T09:49:15+00:00,charlotte,character,3,1
500005,2026-06-09T09:49:15+00:00,fischl,character,10083,3
500005,2026-06-09T09:49:15+00:00,skyward_pride,weapon,199,1
500005,2026-06-09T09:49:15+00:00,diluc,character,2038,3
500005,2026-06-09T09:49:15+00:00,the_bell,weapon,5830,2
500005,2026-06-09T09:49:15+00:00,skyward_atlas,weapon,197,0
500005,2026-06-09T09:49:15+00:00,skyward_blade,weapon,265,0
500005,2026-06-09T09:49:15+00:00,thoma,character,1,0
500005,2026-06-09T09:49:15+00:00,the_stringless,weapon,5998,4
500005,2026-06-09T09:49:15+00:00,barbara,character,9963,1
500005,2026-06-09T09:49:15+00:00,favonius_warbow,weapon,5894,4
500005,2026-06-09T09:49:15+00:00,lost_prayer_to_the_sacred_winds,weapon,313,2
500005,2026-06-09T09:49:15+00:00,rainslasher,weapon,5806,4
500005,2026-06-09T09:49:15+00:00,skyward_harp,weapon,276,0
500005,2026-06-09T09:49:15+00:00,the_alley_flash,weapon,5788,8
500005,2026-06-09T09:49:15+00:00,sucrose,character,10105,3
500005,2026-06-09T09:49:15+00:00,elegy_for_the_end,weapon,1455,1
500005,2026-06-09T09:49:15+00:00,dori,character,2,1
300101,2026-06-11T16:00:00+00:00,tighnari,character,722,2
300101,2026-06-11T16:00:00+00:00,jean,character,700,1
300101,2026-06-11T16:00:00+00:00,illuga,character,141,0
300101,2026-06-11T16:00:00+00:00,keqing,character,704,6
300101,2026-06-11T16:00:00+00:00,favonius_sword,weapon,1825,2
300101,2026-06-11T16:00:00+00:00,favonius_greatsword,weapon,1868,2
300101,2026-06-11T16:00:00+00:00,gorou,character,154,0
300101,2026-06-11T16:00:00+00:00,layla,character,129,0
300101,2026-06-11T16:00:00+00:00,iansan,character,136,1
300101,2026-06-11T16:00:00+00:00,the_flute,weapon,1902,0
300101,2026-06-11T16:00:00+00:00,noelle,character,125,0
300101,2026-06-11T16:00:00+00:00,sacrificial_greatsword,weapon,1883,2
300101,2026-06-11T16:00:00+00:00,shikanoin_heizou,character,158,0
300101,2026-06-11T16:00:00+00:00,collei,character,147,0
300101,2026-06-11T16:00:00+00:00,eye_of_perception,weapon,1910,2
300101,2026-06-11T16:00:00+00:00,mona,character,699,9
300101,2026-06-11T16:00:00+00:00,kujou_sara,character,164,0
300101,2026-06-11T16:00:00+00:00,chevreuse,character,131,0
300101,2026-06-11T16:00:00+00:00,sacrificial_fragments,weapon,1964,1
300101,2026-06-11T16:00:00+00:00,yun_jin,character,124,0
300101,2026-06-11T16:00:00+00:00,dehya,character,684,3
300101,2026-06-11T16:00:00+00:00,freminet,character,138,0
300101,2026-06-11T16:00:00+00:00,qiqi,character,651,3
300101,2026-06-11T16:00:00+00:00,favonius_codex,weapon,1948,0
300101,2026-06-11T16:00:00+00:00,diona,character,118,1
300101,2026-06-11T16:00:00+00:00,mika,character,26835,13350
300101,2026-06-11T16:00:00+00:00,xingqiu,character,130,0
300101,2026-06-11T16:00:00+00:00,kirara,character,127,0
300101,2026-06-11T16:00:00+00:00,kuki_shinobu,character,134,0
300101,2026-06-11T16:00:00+00:00,kaveh,character,146,1
300101,2026-06-11T16:00:00+00:00,the_widsith,weapon,1942,1
300101,2026-06-11T16:00:00+00:00,bennett,character,26743,13326
300101,2026-06-11T16:00:00+00:00,lohen,character,5905,2458
300101,2026-06-11T16:00:00+00:00,chongyun,character,153,0
300101,2026-06-11T16:00:00+00:00,sacrificial_sword,weapon,1852,1
300101,2026-06-11T16:00:00+00:00,kachina,character,155,0
300101,2026-06-11T16:00:00+00:00,candace,character,129,0
300101,2026-06-11T16:00:00+00:00,rust,weapon,1925,1
300101,2026-06-11T16:00:00+00:00,faruzan,character,132,0
300101,2026-06-11T16:00:00+00:00,yanfei,character,117,0
300101,2026-06-11T16:00:00+00:00,lions_roar,weapon,1875,0
300101,2026-06-11T16:00:00+00:00,dahlia,character,126,1
300101,2026-06-11T16:00:00+00:00,xiangling,character,26596,13189
300101,2026-06-11T16:00:00+00:00,razor,character,153,0
300101,2026-06-11T16:00:00+00:00,ifa,character,150,0
300101,2026-06-11T16:00:00+00:00,charlotte,character,150,0
300101,2026-06-11T16:00:00+00:00,sacrificial_bow,weapon,1877,0
300101,2026-06-11T16:00:00+00:00,sayu,character,140,0
300101,2026-06-11T16:00:00+00:00,mavuika,character,5761,2552
300101,2026-06-11T16:00:00+00:00,dragons_bane,weapon,1868,0
300101,2026-06-11T16:00:00+00:00,diluc,character,708,3
300101,2026-06-11T16:00:00+00:00,the_bell,weapon,1929,0
300101,2026-06-11T16:00:00+00:00,thoma,character,150,0
300101,2026-06-11T16:00:00+00:00,yaoyao,character,148,0
300101,2026-06-11T16:00:00+00:00,favonius_lance,weapon,1907,0
300101,2026-06-11T16:00:00+00:00,the_stringless,weapon,1899,1
300101,2026-06-11T16:00:00+00:00,beidou,character,159,0
300101,2026-06-11T16:00:00+00:00,sethos,character,159,0
300101,2026-06-11T16:00:00+00:00,favonius_warbow,weapon,1956,0
300101,2026-06-11T16:00:00+00:00,rainslasher,weapon,1872,2
300101,2026-06-11T16:00:00+00:00,barbara,character,118,0
300101,2026-06-11T16:00:00+00:00,aino,character,135,0
300101,2026-06-11T16:00:00+00:00,lynette,character,120,0
300101,2026-06-11T16:00:00+00:00,fischl,character,152,0
300101,2026-06-11T16:00:00+00:00,sucrose,character,134,2
300101,2026-06-11T16:00:00+00:00,ororon,character,150,0
300101,2026-06-11T16:00:00+00:00,xinyan,character,137,0
300101,2026-06-11T16:00:00+00:00,rosaria,character,125,0
300101,2026-06-11T16:00:00+00:00,ningguang,character,135,0
300101,2026-06-11T16:00:00+00:00,lan_yan,character,148,0
300101,2026-06-11T16:00:00+00:00,dori,character,145,0
300101,2026-06-11T16:00:00+00:00,gaming,character,141,0
300101,2026-06-11T16:00:00+00:00,jahoda,character,122,0
500006,2026-06-11T16:00:37+00:00,lynette,character,31730,3
500006,2026-06-11T16:00:37+00:00,lumidouce_elegy,weapon,954,0
500006,2026-06-11T16:00:37+00:00,absolution,weapon,1504,0
500006,2026-06-11T16:00:37+00:00,lions_roar,weapon,5721,2
500006,2026-06-11T16:00:37+00:00,portable_power_saw,weapon,5655,1
500006,2026-06-11T16:00:37+00:00,favonius_sword,weapon,5759,1
500006,2026-06-11T16:00:37+00:00,favonius_greatsword,weapon,5803,1
500006,2026-06-11T16:00:37+00:00,navia,character,6301,6
500006,2026-06-11T16:00:37+00:00,the_first_great_magic,weapon,1170,2
500006,2026-06-11T16:00:37+00:00,clorinde,character,5404,12
500006,2026-06-11T16:00:37+00:00,silvershower_heartstrings,weapon,829,1
500006,2026-06-11T16:00:37+00:00,the_flute,weapon,5846,0
500006,2026-06-11T16:00:37+00:00,dragons_bane,weapon,5762,2
500006,2026-06-11T16:00:37+00:00,amber,character,1,0
500006,2026-06-11T16:00:37+00:00,sacrificial_greatsword,weapon,5742,1
500006,2026-06-11T16:00:37+00:00,eye_of_perception,weapon,5756,3
500006,2026-06-11T16:00:37+00:00,emilie,character,4365,6
500006,2026-06-11T16:00:37+00:00,kujou_sara,character,1,0
500006,2026-06-11T16:00:37+00:00,chevreuse,character,31506,1
500006,2026-06-11T16:00:37+00:00,sacrificial_fragments,weapon,5618,1
500006,2026-06-11T16:00:37+00:00,freminet,character,31484,0
500006,2026-06-11T16:00:37+00:00,the_dockhands_assistant,weapon,5755,1
500006,2026-06-11T16:00:37+00:00,favonius_codex,weapon,5769,1
500006,2026-06-11T16:00:37+00:00,favonius_lance,weapon,5712,2
500006,2026-06-11T16:00:37+00:00,sigewinne,character,3634,5
500006,2026-06-11T16:00:37+00:00,the_widsith,weapon,5791,0
500006,2026-06-11T16:00:37+00:00,range_gauge,weapon,5704,1
500006,2026-06-11T16:00:37+00:00,sacrificial_sword,weapon,5816,4
500006,2026-06-11T16:00:37+00:00,rust,weapon,5679,0
500006,2026-06-11T16:00:37+00:00,faruzan,character,1,0
500006,2026-06-11T16:00:37+00:00,lyney,character,4057,3
500006,2026-06-11T16:00:37+00:00,charlotte,character,31417,0
500006,2026-06-11T16:00:37+00:00,sacrificial_bow,weapon,5695,0
500006,2026-06-11T16:00:37+00:00,diluc,character,2,1
500006,2026-06-11T16:00:37+00:00,the_bell,weapon,5728,1
500006,2026-06-11T16:00:37+00:00,prospectors_drill,weapon,5749,0
500006,2026-06-11T16:00:37+00:00,verdict,weapon,1873,2
500006,2026-06-11T16:00:37+00:00,the_stringless,weapon,5750,1
500006,2026-06-11T16:00:37+00:00,favonius_warbow,weapon,5665,0
500006,2026-06-11T16:00:37+00:00,rainslasher,weapon,5791,3
500006,2026-06-11T16:00:37+00:00,barbara,character,2,0
500006,2026-06-11T16:00:37+00:00,rosaria,character,2,0
500006,2026-06-11T16:00:37+00:00,kaeya,character,3,0
200001,2026-06-09T11:48:04+00:00,aino,character,36327,0
200001,2026-06-09T11:48:04+00:00,amber,character,1029310,0
200001,2026-06-09T11:48:04+00:00,amos_bow,weapon,325031,0
200001,2026-06-09T11:48:04+00:00,aquila_favonia,weapon,322378,0
200001,2026-06-09T11:48:04+00:00,barbara,character,1030525,0
200001,2026-06-09T11:48:04+00:00,beidou,character,1031138,0
200001,2026-06-09T11:48:04+00:00,bennett,character,1033421,0
200001,2026-06-09T11:48:04+00:00,candace,character,380190,0
200001,2026-06-09T11:48:04+00:00,charlotte,character,237265,0
200001,2026-06-09T11:48:04+00:00,chevreuse,character,224771,0
200001,2026-06-09T11:48:04+00:00,chongyun,character,1031333,0
200001,2026-06-09T11:48:04+00:00,collei,character,401957,0
200001,2026-06-09T11:48:04+00:00,dahlia,character,60103,0
200001,2026-06-09T11:48:04+00:00,dehya,character,215542,0
200001,2026-06-09T11:48:04+00:00,diluc,character,544295,0
200001,2026-06-09T11:48:04+00:00,diona,character,1026048,0
200001,2026-06-09T11:48:04+00:00,dori,character,402327,0
200001,2026-06-09T11:48:04+00:00,dragons_bane,weapon,1540339,0
200001,2026-06-09T11:48:04+00:00,eye_of_perception,weapon,1539970,0
200001,2026-06-09T11:48:04+00:00,faruzan,character,348932,0
200001,2026-06-09T11:48:04+00:00,favonius_codex,weapon,1541068,0
200001,2026-06-09T11:48:04+00:00,favonius_greatsword,weapon,1541682,0
200001,2026-06-09T11:48:04+00:00,favonius_lance,weapon,1540863,0
200001,2026-06-09T11:48:04+00:00,favonius_sword,weapon,1541572,0
200001,2026-06-09T11:48:04+00:00,favonius_warbow,weapon,1542174,0
200001,2026-06-09T11:48:04+00:00,fischl,character,1029901,0
200001,2026-06-09T11:48:04+00:00,freminet,character,269123,0
200001,2026-06-09T11:48:04+00:00,gaming,character,209638,0
200001,2026-06-09T11:48:04+00:00,gorou,character,597629,0
200001,2026-06-09T11:48:04+00:00,iansan,character,80116,0
200001,2026-06-09T11:48:04+00:00,ifa,character,70225,0
200001,2026-06-09T11:48:04+00:00,illuga,character,8720,0
200001,2026-06-09T11:48:04+00:00,jahoda,character,19644,0
200001,2026-06-09T11:48:04+00:00,jean,character,542485,0
200001,2026-06-09T11:48:04+00:00,kachina,character,144042,0
200001,2026-06-09T11:48:04+00:00,kaeya,character,1031907,0
200001,2026-06-09T11:48:04+00:00,kaveh,character,307941,0
200001,2026-06-09T11:48:04+00:00,keqing,character,543525,0
200001,2026-06-09T11:48:04+00:00,kirara,character,295496,0
200001,2026-06-09T11:48:04+00:00,kujou_sara,character,702637,0
200001,2026-06-09T11:48:04+00:00,kuki_shinobu,character,444798,0
200001,2026-06-09T11:48:04+00:00,lan_yan,character,102343,0
200001,2026-06-09T11:48:04+00:00,layla,character,364744,0
200001,2026-06-09T11:48:04+00:00,lions_roar,weapon,1540079,0
200001,2026-06-09T11:48:04+00:00,lisa,character,1029772,0
200001,2026-06-09T11:48:04+00:00,lost_prayer_to_the_sacred_winds,weapon,322886,0
200001,2026-06-09T11:48:04+00:00,lynette,character,269311,0
200001,2026-06-09T11:48:04+00:00,mika,character,319891,0
200001,2026-06-09T11:48:04+00:00,mona,character,540949,0
200001,2026-06-09T11:48:04+00:00,ningguang,character,1031131,0
200001,2026-06-09T11:48:04+00:00,noelle,character,1030611,0
200001,2026-06-09T11:48:04+00:00,ororon,character,119227,0
200001,2026-06-09T11:48:04+00:00,primordial_jade_winged-spear,weapon,326517,0
200001,2026-06-09T11:48:04+00:00,qiqi,character,541564,0
200001,2026-06-09T11:48:04+00:00,rainslasher,weapon,1541884,0
200001,2026-06-09T11:48:04+00:00,razor,character,1031792,0
200001,2026-06-09T11:48:04+00:00,rosaria,character,984215,0
200001,2026-06-09T11:48:04+00:00,rust,weapon,1541086,0
200001,2026-06-09T11:48:04+00:00,sacrificial_bow,weapon,1540061,0
200001,2026-06-09T11:48:04+00:00,sacrificial_fragments,weapon,1541941,0
200001,2026-06-09T11:48:04+00:00,sacrificial_greatsword,weapon,1540292,0
200001,2026-06-09T11:48:04+00:00,sacrificial_sword,weapon,1542512,0
200001,2026-06-09T11:48:04+00:00,sayu,character,802205,0
200001,2026-06-09T11:48:04+00:00,sethos,character,174021,0
200001,2026-06-09T11:48:04+00:00,shikanoin_heizou,character,420235,0
200001,2026-06-09T11:48:04+00:00,skyward_atlas,weapon,321579,0
200001,2026-06-09T11:48:04+00:00,skyward_blade,weapon,322560,0
200001,2026-06-09T11:48:04+00:00,skyward_harp,weapon,324554,0
200001,2026-06-09T11:48:04+00:00,skyward_pride,weapon,322493,0
200001,2026-06-09T11:48:04+00:00,skyward_spine,weapon,322689,0
200001,2026-06-09T11:48:04+00:00,sucrose,character,1031070,0
200001,2026-06-09T11:48:04+00:00,the_bell,weapon,1538035,0
200001,2026-06-09T11:48:04+00:00,the_flute,weapon,1540474,0
200001,2026-06-09T11:48:04+00:00,the_stringless,weapon,1540319,0
200001,2026-06-09T11:48:04+00:00,the_widsith,weapon,1542288,0
200001,2026-06-09T11:48:04+00:00,thoma,character,642828,0
200001,2026-06-09T11:48:04+00:00,tighnari,character,263047,0
200001,2026-06-09T11:48:04+00:00,wolfs_gravestone,weapon,324666,0
200001,2026-06-09T11:48:04+00:00,xiangling,character,1032680,0
200001,2026-06-09T11:48:04+00:00,xingqiu,character,1032519,0
200001,2026-06-09T11:48:04+00:00,xinyan,character,1026266,0
200001,2026-06-09T11:48:04+00:00,yanfei,character,935618,0
200001,2026-06-09T11:48:04+00:00,yaoyao,character,332645,0
200001,2026-06-09T11:48:04+00:00,yun_jin,character,549869,0
300098,2026-06-09T09:52:44+00:00,lynette,character,1103,2
300098,2026-06-09T09:52:44+00:00,noelle,character,215586,107661
300098,2026-06-09T09:52:44+00:00,chongyun,character,1126,2
300098,2026-06-09T09:52:44+00:00,tighnari,character,5050,17
300098,2026-06-09T09:52:44+00:00,jean,character,5026,10
300098,2026-06-09T09:52:44+00:00,lions_roar,weapon,15347,31
300098,2026-06-09T09:52:44+00:00,collei,character,1092,3
300098,2026-06-09T09:52:44+00:00,illuga,character,215545,108038
300098,2026-06-09T09:52:44+00:00,keqing,character,4952,13
300098,2026-06-09T09:52:44+00:00,favonius_sword,weapon,15413,36
300098,2026-06-09T09:52:44+00:00,favonius_greatsword,weapon,15216,42
300098,2026-06-09T09:52:44+00:00,layla,character,1073,1
300098,2026-06-09T09:52:44+00:00,aino,character,215742,107951
300098,2026-06-09T09:52:44+00:00,gorou,character,1147,4
300098,2026-06-09T09:52:44+00:00,iansan,character,1123,20
300098,2026-06-09T09:52:44+00:00,ororon,character,1078,1
300098,2026-06-09T09:52:44+00:00,gaming,character,1185,21
300098,2026-06-09T09:52:44+00:00,razor,character,1283,168
300098,2026-06-09T09:52:44+00:00,the_flute,weapon,14951,35
300098,2026-06-09T09:52:44+00:00,sacrificial_bow,weapon,15200,39
300098,2026-06-09T09:52:44+00:00,dragons_bane,weapon,15522,36
300098,2026-06-09T09:52:44+00:00,chasca,character,8966,3190
300098,2026-06-09T09:52:44+00:00,sacrificial_greatsword,weapon,15402,34
300098,2026-06-09T09:52:44+00:00,jahoda,character,1135,26
300098,2026-06-09T09:52:44+00:00,shikanoin_heizou,character,1082,4
300098,2026-06-09T09:52:44+00:00,rosaria,character,1111,4
300098,2026-06-09T09:52:44+00:00,eye_of_perception,weapon,15338,46
300098,2026-06-09T09:52:44+00:00,mona,character,4916,23
300098,2026-06-09T09:52:44+00:00,kujou_sara,character,1098,4
300098,2026-06-09T09:52:44+00:00,chevreuse,character,1152,22
300098,2026-06-09T09:52:44+00:00,sacrificial_fragments,weapon,15372,41
300098,2026-06-09T09:52:44+00:00,yun_jin,character,1149,2
300098,2026-06-09T09:52:44+00:00,dehya,character,4786,18
300098,2026-06-09T09:52:44+00:00,freminet,character,1057,0
300098,2026-06-09T09:52:44+00:00,qiqi,character,4899,21
300098,2026-06-09T09:52:44+00:00,sethos,character,1135,8
300098,2026-06-09T09:52:44+00:00,favonius_codex,weapon,15367,39
300098,2026-06-09T09:52:44+00:00,diona,character,1125,1
300098,2026-06-09T09:52:44+00:00,mika,character,1063,0
300098,2026-06-09T09:52:44+00:00,favonius_lance,weapon,15335,43
300098,2026-06-09T09:52:44+00:00,xingqiu,character,1167,28
300098,2026-06-09T09:52:44+00:00,kirara,character,1117,28
300098,2026-06-09T09:52:44+00:00,kuki_shinobu,character,1090,3
300098,2026-06-09T09:52:44+00:00,kaveh,character,1097,1
300098,2026-06-09T09:52:44+00:00,linnea,character,75788,32533
300098,2026-06-09T09:52:44+00:00,the_widsith,weapon,15228,35
300098,2026-06-09T09:52:44+00:00,bennett,character,1087,3
300098,2026-06-09T09:52:44+00:00,sacrificial_sword,weapon,15393,39
300098,2026-06-09T09:52:44+00:00,kachina,character,1034,1
300098,2026-06-09T09:52:44+00:00,candace,character,1147,4
300098,2026-06-09T09:52:44+00:00,prune,character,144,128
300098,2026-06-09T09:52:44+00:00,xinyan,character,1098,3
300098,2026-06-09T09:52:44+00:00,rust,weapon,15360,44
300098,2026-06-09T09:52:44+00:00,faruzan,character,1117,0
300098,2026-06-09T09:52:44+00:00,yanfei,character,1034,9
300098,2026-06-09T09:52:44+00:00,lan_yan,character,1113,3
300098,2026-06-09T09:52:44+00:00,dahlia,character,1062,2
300098,2026-06-09T09:52:44+00:00,ifa,character,1165,8
300098,2026-06-09T09:52:44+00:00,xiangling,character,1143,7
300098,2026-06-09T09:52:44+00:00,charlotte,character,1115,7
300098,2026-06-09T09:52:44+00:00,fischl,character,1248,172
300098,2026-06-09T09:52:44+00:00,yaoyao,character,1114,5
300098,2026-06-09T09:52:44+00:00,sayu,character,1079,1
300098,2026-06-09T09:52:44+00:00,diluc,character,4862,22
300098,2026-06-09T09:52:44+00:00,the_bell,weapon,15306,34
300098,2026-06-09T09:52:44+00:00,thoma,character,1139,0
300098,2026-06-09T09:52:44+00:00,the_stringless,weapon,15028,28
300098,2026-06-09T09:52:44+00:00,beidou,character,1103,1
300098,2026-06-09T09:52:44+00:00,barbara,character,1174,3
300098,2026-06-09T09:52:44+00:00,favonius_warbow,weapon,15326,36
300098,2026-06-09T09:52:44+00:00,rainslasher,weapon,15507,40
300098,2026-06-09T09:52:44+00:00,sucrose,character,1112,2
300098,2026-06-09T09:52:44+00:00,ningguang,character,1052,0
300098,2026-06-09T09:52:44+00:00,dori,character,1151,5
300099,2026-06-09T09:52:26+00:00,lynette,character,596,2
300099,2026-06-09T09:52:26+00:00,tighnari,character,2647,5
300099,2026-06-09T09:52:26+00:00,jean,character,2670,17
300099,2026-06-09T09:52:26+00:00,lions_roar,weapon,8279,17
300099,2026-06-09T09:52:26+00:00,collei,character,607,1
300099,2026-06-09T09:52:26+00:00,illuga,character,588,1
300099,2026-06-09T09:52:26+00:00,keqing,character,2722,22
300099,2026-06-09T09:52:26+00:00,favonius_sword,weapon,8053,14
300099,2026-06-09T09:52:26+00:00,favonius_greatsword,weapon,8169,18
300099,2026-06-09T09:52:26+00:00,layla,character,590,4
300099,2026-06-09T09:52:26+00:00,aino,character,615,3
300099,2026-06-09T09:52:26+00:00,gorou,character,616,2
300099,2026-06-09T09:52:26+00:00,iansan,character,619,1
300099,2026-06-09T09:52:26+00:00,ororon,character,614,2
300099,2026-06-09T09:52:26+00:00,lauma,character,28579,11741
300099,2026-06-09T09:52:26+00:00,gaming,character,635,2
300099,2026-06-09T09:52:26+00:00,razor,character,952,296
300099,2026-06-09T09:52:26+00:00,the_flute,weapon,8265,16
300099,2026-06-09T09:52:26+00:00,sacrificial_bow,weapon,8087,28
300099,2026-06-09T09:52:26+00:00,noelle,character,616,0
300099,2026-06-09T09:52:26+00:00,dragons_bane,weapon,8377,25
300099,2026-06-09T09:52:26+00:00,sacrificial_greatsword,weapon,8059,14
300099,2026-06-09T09:52:26+00:00,shikanoin_heizou,character,577,4
300099,2026-06-09T09:52:26+00:00,jahoda,character,115338,57394
300099,2026-06-09T09:52:26+00:00,eye_of_perception,weapon,8134,19
300099,2026-06-09T09:52:26+00:00,mona,character,2623,10
300099,2026-06-09T09:52:26+00:00,kujou_sara,character,609,0
300099,2026-06-09T09:52:26+00:00,chevreuse,character,673,1
300099,2026-06-09T09:52:26+00:00,sacrificial_fragments,weapon,8218,19
300099,2026-06-09T09:52:26+00:00,yun_jin,character,596,3
300099,2026-06-09T09:52:26+00:00,dehya,character,2705,18
300099,2026-06-09T09:52:26+00:00,freminet,character,575,0
300099,2026-06-09T09:52:26+00:00,qiqi,character,2739,8
300099,2026-06-09T09:52:26+00:00,sethos,character,623,27
300099,2026-06-09T09:52:26+00:00,favonius_codex,weapon,8166,18
300099,2026-06-09T09:52:26+00:00,diona,character,609,5
300099,2026-06-09T09:52:26+00:00,mika,character,610,0
300099,2026-06-09T09:52:26+00:00,favonius_lance,weapon,8274,23
300099,2026-06-09T09:52:26+00:00,xingqiu,character,115174,57106
300099,2026-06-09T09:52:26+00:00,kirara,character,115160,57403
300099,2026-06-09T09:52:26+00:00,kuki_shinobu,character,617,3
300099,2026-06-09T09:52:26+00:00,kaveh,character,573,3
300099,2026-06-09T09:52:26+00:00,nefer,character,17965,7152
300099,2026-06-09T09:52:26+00:00,the_widsith,weapon,8260,15
300099,2026-06-09T09:52:26+00:00,bennett,character,550,1
300099,2026-06-09T09:52:26+00:00,chongyun,character,559,0
300099,2026-06-09T09:52:26+00:00,sacrificial_sword,weapon,8303,30
300099,2026-06-09T09:52:26+00:00,kachina,character,559,0
300099,2026-06-09T09:52:26+00:00,candace,character,583,4
300099,2026-06-09T09:52:26+00:00,prune,character,318,261
300099,2026-06-09T09:52:26+00:00,xinyan,character,590,1
300099,2026-06-09T09:52:26+00:00,rust,weapon,8421,23
300099,2026-06-09T09:52:26+00:00,faruzan,character,574,4
300099,2026-06-09T09:52:26+00:00,yanfei,character,612,4
300099,2026-06-09T09:52:26+00:00,lan_yan,character,604,1
300099,2026-06-09T09:52:26+00:00,dahlia,character,577,0
300099,2026-06-09T09:52:26+00:00,ifa,character,595,14
300099,2026-06-09T09:52:26+00:00,xiangling,character,604,1
300099,2026-06-09T09:52:26+00:00,charlotte,character,621,1
300099,2026-06-09T09:52:26+00:00,fischl,character,986,357
300099,2026-06-09T09:52:26+00:00,yaoyao,character,573,1
300099,2026-06-09T09:52:26+00:00,sayu,character,557,1
300099,2026-06-09T09:52:26+00:00,ningguang,character,614,3
300099,2026-06-09T09:52:26+00:00,diluc,character,2681,9
300099,2026-06-09T09:52:26+00:00,the_bell,weapon,8157,17
300099,2026-06-09T09:52:26+00:00,thoma,character,617,3
300099,2026-06-09T09:52:26+00:00,the_stringless,weapon,8142,19
300099,2026-06-09T09:52:26+00:00,beidou,character,612,0
300099,2026-06-09T09:52:26+00:00,barbara,character,608,3
300099,2026-06-09T09:52:26+00:00,favonius_warbow,weapon,8294,14
300099,2026-06-09T09:52:26+00:00,rainslasher,weapon,8347,17
300099,2026-06-09T09:52:26+00:00,sucrose,character,621,2
300099,2026-06-09T09:52:26+00:00,rosaria,character,609,0
300099,2026-06-09T09:52:26+00:00,dori,character,584,3
